Marca temporal,What is your age?,Where do you work?,What is your position?,How many years of experience do you have?,Risk for different service delivery/receiving model,Please estimate a risk value for T1.,Please estimate a risk value for T2.,Please estimate a risk value for T3.,Please estimate a risk value for T4.,Please estimate a risk value for T5.,Risk for malicious insiders,Impact for malicious insiders,Please estimate a risk value for T6.,Impact for shared technology issues in multi-tenancy environment,Please estimate an impact value for T7.,Please estimate a risk value for T7.,Please estimate an impact value for T1.,Please estimate an impact value for T2.,Please estimate an impact value for T3.,Please estimate an impact value for T4.,Please estimate an impact value for T5.,Please estimate an impact value for T6.,Please estimate a risk value for T8.,Please estimate an impact value for T8.,Please estimate a risk value for T9.,Please estimate an impact value for T9.,Please estimate a risk value for T9.,Please estimate an impact value for T9.,How many years of experience do you have specific to cloud computing?,Please estimate a risk value for T10.,Please estimate an impact value for T10.,Please estimate a risk value for T19.,Please estimate an impact value for T19.,Please estimate a risk value for T12.,Please estimate an impact value for T12.,Please estimate a risk value for T13.,Please estimate a risk value for T14.,Please estimate an impact value for T13.,Please estimate an impact value for T14.,Please estimate a risk value for T15.,Please estimate an impact value for T15.,Please estimate a risk value for T16.,Please estimate a risk value for T17.,Please estimate a risk value for T18.,Please estimate an impact value for T18.,Please estimate 
15/05/2017 23:29:51,25-40,Root Technologies ,Data Center consultant,5-10,,9,10,10,9,10,,,7,,6,6,9,10,10,9,10,7,8,8,8,9,7,7,0-5,,,,,,,,,,,,,,,,,
15/05/2017 23:33:58,25-40,SICA,DBA,0-5,,8,5,6,8,8,,,9,,10,10,8,4,6,8,7,9,9,8,8,9,8,9,0-5,,,,,,,,,,,,,,,,,
16/05/2017 17:37:41,40-60,Efectus,Senior Risk Consultant,10-15,,7,6,7,5,4,,,6,,5,7,8,8,7,8,7,7,8,7,,,7,5,0-5,7,6,,,,,,,,,,,,,,,
16/05/2017 20:35:20,40-60,Globant,Tech Director,20+,,2,7,3,4,2,,,5,,8,6,7,7,8,8,4,7,7,8,,,7,8,15+,5,7,,,,,,,,,,,,,,,
16/05/2017 23:57:42,25-40,Globant,SysAdmin/DevOps Engineer,10-15,,6,7,7,7,5,,,7,,10,5,10,7,9,10,10,7,4,9,,,4,9,5-10,4,7,,,,,,,,,,,,,,,
17/05/2017 7:03:33,40-60,Consultor,Gerente,20+,,10,5,7,6,9,,,8,,7,7,10,5,7,6,9,8,10,10,,,10,10,0-5,10,10,,,,,,,,,,,,,,,
17/05/2017 9:56:22,40-60,Globant Mexico,SysAdmin  / DevOps Engineer,15-20,,3,8,6,5,5,,,3,,8,7,8,5,10,5,8,5,10,10,,,8,8,5-10,5,5,,,,,,,,,,,,,,,
17/05/2017 11:24:57,60+,Ahorrocoop Ltda.,DIRECTOR EJECUTIVO,20+,,7,8,8,6,4,,,8,,10,8,8,9,9,7,8,9,8,9,,,7,10,0-5,5,8,,,,,,,,,,,,,,,
17/05/2017 15:01:23,25-40,Globant,Cloud Engineer,5-10,,4,7,6,2,6,,,3,,7,5,9,8,7,7,10,5,7,10,,,6,9,0-5,5,6,,,,,,,,,,,,,,,
18/05/2017 4:06:23,60+,MAZARS,Socio LÃ­der de Consultoria ,20+,,8,5,8,8,9,,,5,,7,3,10,9,10,8,9,8,9,9,,,8,6,5-10,9,10,,,,,,,,,,,,,,,
20/05/2017 10:37:59,25-40,Agencia nacional defensa juridica del estado,Consultor,10-15,,5,4,8,4,9,,,5,,4,4,10,4,8,6,7,4,8,6,,,6,4,0-5,5,5,,,,,,,,,,,,,,,
22/05/2017 19:34:24,25-40,Globant,Cloud Engineer,5-10,,10,10,10,10,10,,,10,,10,10,10,10,10,10,10,10,10,10,,,10,10,0-5,10,10,,,,,,,,,,,,,,,
22/05/2017 20:36:26,25-40,Globant,Devops,5-10,,6,9,8,6,8,,,9,,10,8,9,10,10,10,10,10,9,10,,,9,10,0-5,8,10,,,,,,,,,,,,,,,
22/05/2017 22:15:33,25-40,Globant,DevOps,15-20,,4,8,8,7,9,,,5,,5,7,5,8,8,8,9,5,10,7,,,8,6,0-5,5,4,,,,,,,,,,,,,,,
23/05/2017 3:53:33,25-40,Globant India,Devops,5-10,,5,8,8,5,7,,,6,,10,9,10,8,10,8,10,8,8,10,,,6,10,0-5,5,5,,,,,,,,,,,,,,,
25/05/2017 8:20:11,25-40,Bangalore,AWS DEVOPS Administrator,5-10,,10,10,5,8,8,,,9,,10,10,3,10,10,9,8,9,10,10,,,10,10,5-10,9,9,,,,,,,,,,,,,,,
26/05/2017 8:51:11,25-40,Globant,Devops Engineer,1-2,,9,8,7,5,4,,,4,,9,10,10,9,10,8,6,7,6,6,,,7,10,1-2,10,8,,,,,,,,,,,,,,,